Jeff Teague,PG,27,ATL,79
Walter Tavares,C,23,ATL,11
Tiago Splitter,C,31,ATL,36
Thabo Sefolosha,SF,31,ATL,75
Mike Scott,PF,27,ATL,75
Dennis Schroder,PG,22,ATL,80
Lamar Patterson,SG,24,ATL,35
Mike Muscala,C,24,ATL,60
Paul Millsap,PF,30,ATL,81
Kyle Korver,SG,34,ATL,80
Al Horford,C,29,ATL,82
Tim Hardaway,SG,23,ATL,51
Kent Bazemore,SF,26,ATL,75
Tyler Zeller,C,26,BOS,60
James Young,SG,20,BOS,29
Evan Turner,SG,27,BOS,81
Isaiah Thomas,PG,26,BOS,82
Jared Sullinger,PF,23,BOS,81
Marcus Smart,PG,21,BOS,61
Terry Rozier,PG,21,BOS,39
Kelly Olynyk,C,24,BOS,69
Jordan Mickey,PF,21,BOS,16
Amir Johnson,PF,28,BOS,79
Jonas Jerebko,PF,28,BOS,78
R.J. Hunter,SG,22,BOS,36
Jae Crowder,SF,25,BOS,73
Coty Clarke,SF,23,BOS,3
Avery Bradley,SG,25,BOS,76
Thaddeus Young,PF,27,BRK,73
Donald Sloan,PG,28,BRK,61
Henry Sims,C,25,BRK,14
Thomas Robinson,PF,24,BRK,71
Willie Reed,PF,25,BRK,39
Chris McCullough,PF,20,BRK,24
Brook Lopez,C,27,BRK,73
Shane Larkin,PG,23,BRK,78
Sergey Karasev,SF,22,BRK,40
Jarrett Jack,PG,32,BRK,32
Rondae Hollis-Jefferson,SF,21,BRK,29
Wayne Ellington,SG,28,BRK,76
Markel Brown,SG,24,BRK,62
Bojan Bogdanovic,SF,26,BRK,79
Andrea Bargnani,C,30,BRK,46
Tony Snell,SF,24,CHI,64
Derrick Rose,PG,27,CHI,66
Bobby Portis,PF,20,CHI,62
Joakim Noah,C,30,CHI,29
E'Twaun Moore,SG,26,CHI,59
Nikola Mirotic,PF,24,CHI,66
Doug McDermott,SF,24,CHI,81
Taj Gibson,PF,30,CHI,73
Pau Gasol,C,35,CHI,72
Cristiano Felicio,C,23,CHI,31
Mike Dunleavy,SF,35,CHI,31
Jimmy Butler,SG,26,CHI,67
Aaron Brooks,PG,31,CHI,69
Cameron Bairstow,C,25,CHI,18
Cody Zeller,C,23,CHO,73
Marvin Williams,PF,29,CHO,81
Kemba Walker,PG,25,CHO,81
Jeremy Lin,SG,27,CHO,78
Jeremy Lamb,SG,23,CHO,66
Michael Kidd-Gilchrist,SF,22,CHO,7
Frank Kaminsky,C,22,CHO,81
Al Jefferson,C,31,CHO,47
Spencer Hawes,PF,27,CHO,57
Aaron Harrison,SG,21,CHO,21
Tyler Hansbrough,PF,30,CHO,44
Jorge Gutierrez,PG,27,CHO,12
Troy Daniels,SG,24,CHO,43
Nicolas Batum,SF,27,CHO,70
Mo Williams,PG,33,CLE,41
Tristan Thompson,PF,24,CLE,82
J.R. Smith,SG,30,CLE,77
Iman Shumpert,SG,25,CLE,54
Timofey Mozgov,C,29,CLE,76
Kevin Love,PF,27,CLE,77
Sasha Kaun,C,30,CLE,24
James Jones,SF,35,CLE,48
Dahntay Jones,SF,35,CLE,1
Richard Jefferson,SF,35,CLE,74
LeBron James,SF,31,CLE,76
Kyrie Irving,PG,23,CLE,53
Joe Harris,SG,24,CLE,5
Matthew Dellavedova,PG,25,CLE,76
Deron Williams,PG,31,DAL,65
Charlie Villanueva,PF,31,DAL,62
Dwight Powell,PF,24,DAL,69
Chandler Parsons,SF,27,DAL,61
Zaza Pachulia,C,31,DAL,76
Dirk Nowitzki,PF,37,DAL,75
Salah Mejri,C,29,DAL,34
JaVale McGee,C,28,DAL,34
Wesley Matthews,SG,29,DAL,78
Devin Harris,PG,32,DAL,64
Raymond Felton,PG,31,DAL,80
Jeremy Evans,SF,28,DAL,30
J.J. Barea,PG,31,DAL,74
Justin Anderson,SF,22,DAL,55
Axel Toupane,SF,23,DEN,21
Kostas Papanikolaou,SF,25,DEN,26
Jusuf Nurkic,C,21,DEN,32
Jameer Nelson,PG,33,DEN,39
Emmanuel Mudiay,PG,19,DEN,68
Mike Miller,SF,35,DEN,46
Joffrey Lauvergne,C,24,DEN,59
Nikola Jokic,C,20,DEN,80
Gary Harris,SG,21,DEN,76
Danilo Gallinari,SF,27,DEN,53
Kenneth Faried,PF,26,DEN,67
Will Barton,SG,25,DEN,82
Darrell Arthur,PF,27,DEN,70
Anthony Tolliver,PF,30,DET,72
Marcus Morris,SF,26,DET,80
Jodie Meeks,SG,28,DET,3
Stanley Johnson,SF,19,DET,73
Reggie Jackson,PG,25,DET,79
Darrun Hilliard,SG,22,DET,38
Justin Harper,PF,26,DET,5
Andre Drummond,C,22,DET,81
Spencer Dinwiddie,PG,22,DET,12
Kentavious Caldwell-Pope,SG,22,DET,76
Reggie Bullock,SF,24,DET,37
Steve Blake,PG,35,DET,58
Aron Baynes,C,29,DET,81
Joel Anthony,C,33,DET,19
Klay Thompson,SG,25,GSW,80
Marreese Speights,C,28,GSW,72
Brandon Rush,SG,30,GSW,72
James Michael McAdoo,PF,23,GSW,41
Kevon Looney,PF,19,GSW,5
Shaun Livingston,PG,30,GSW,78
Andre Iguodala,SF,32,GSW,65
Draymond Green,PF,25,GSW,81
Festus Ezeli,C,26,GSW,46
Stephen Curry,PG,27,GSW,79
Ian Clark,SG,24,GSW,66
Andrew Bogut,C,31,GSW,70
Harrison Barnes,SF,23,GSW,66
Leandro Barbosa,SG,33,GSW,68
Jason Terry,SG,38,HOU,72
Donatas Motiejunas,PF,25,HOU,37
K.J. McDaniels,SF,22,HOU,37
Terrence Jones,PF,24,HOU,50
Dwight Howard,C,30,HOU,71
Chuck Hayes,C,32,HOU,2
Montrezl Harrell,PF,22,HOU,39
James Harden,SG,26,HOU,82
Andrew Goudelock,PG,27,HOU,8
Sam Dekker,SF,21,HOU,3
Clint Capela,C,21,HOU,77
Corey Brewer,SF,29,HOU,82
Patrick Beverley,PG,27,HOU,71
Michael Beasley,SF,27,HOU,20
Trevor Ariza,SF,30,HOU,81
Joseph Young,PG,23,IND,41
Shayne Whittington,PF,24,IND,7
Myles Turner,C,19,IND,60
Rodney Stuckey,PG,29,IND,58
Glenn Robinson III,SF,22,IND,45
C.J. Miles,SF,28,IND,64
Ian Mahinmi,C,29,IND,71
Solomon Hill,SF,24,IND,59
Jordan Hill,C,28,IND,73
George Hill,PG,29,IND,74
Paul George,SF,25,IND,81
Monta Ellis,SG,30,IND,81
Rakeem Christmas,PF,24,IND,1
Lavoy Allen,PF,26,IND,79
C.J. Wilcox,SG,25,LAC,23
Austin Rivers,SG,23,LAC,67
J.J. Redick,SG,31,LAC,75
Pablo Prigioni,PG,38,LAC,59
Paul Pierce,SF,38,LAC,68
Chris Paul,PG,30,LAC,74
Luc Mbah a Moute,PF,29,LAC,75
DeAndre Jordan,C,27,LAC,77
Wesley Johnson,SF,28,LAC,80
Blake Griffin,PF,26,LAC,35
Branden Dawson,PF,22,LAC,6
Jamal Crawford,SG,35,LAC,79
Jeff Ayres,C,28,LAC,17
Cole Aldrich,C,27,LAC,60
Nick Young,SG,30,LAL,54
Metta World Peace,SF,36,LAL,35
Lou Williams,SG,29,LAL,67
Robert Sacre,C,26,LAL,25
D'Angelo Russell,PG,19,LAL,80
Julius Randle,PF,21,LAL,81
Larry Nance Jr.,PF,23,LAL,63
Ryan Kelly,PF,24,LAL,36
Marcelo Huertas,PG,32,LAL,53
Roy Hibbert,C,29,LAL,81
Jordan Clarkson,SG,23,LAL,79
Kobe Bryant,SF,37,LAL,66
Anthony Brown,SF,23,LAL,29
Tarik Black,C,24,LAL,39
Brandon Bass,PF,30,LAL,66
Brandan Wright,PF,28,MEM,12
Elliot Williams,PG,26,MEM,5
Russ Smith,PG,24,MEM,15
Zach Randolph,PF,34,MEM,68
Xavier Munford,SG,23,MEM,14
Jarell Martin,PF,21,MEM,27
JaMychal Green,PF,25,MEM,78
Marc Gasol,C,31,MEM,52
Jordan Farmar,PG,29,MEM,12
Mike Conley,PG,28,MEM,56
Vince Carter,SG,39,MEM,60
Matt Barnes,SF,35,MEM,76
Tony Allen,SG,34,MEM,64
Jordan Adams,SG,21,MEM,2
Justise Winslow,SF,19,MIA,78
Hassan Whiteside,C,26,MIA,73
Dwyane Wade,SG,34,MIA,74
Amar'e Stoudemire,C,33,MIA,52
Josh Richardson,SG,22,MIA,52
Josh McRoberts,PF,28,MIA,42
Tyler Johnson,SG,23,MIA,36
Udonis Haslem,PF,35,MIA,37
Gerald Green,SG,30,MIA,69
Goran Dragic,PG,29,MIA,72
Luol Deng,PF,30,MIA,74
Chris Bosh,PF,31,MIA,53
Rashad Vaughn,SG,19,MIL,70
Greivis Vasquez,PG,29,MIL,23
Miles Plumlee,C,27,MIL,61
Jabari Parker,PF,20,MIL,76
Johnny O'Bryant,PF,22,MIL,66
Greg Monroe,C,25,MIL,79
Khris Middleton,SG,24,MIL,79
O.J. Mayo,SG,28,MIL,41
Damien Inglis,SF,20,MIL,20
John Henson,C,25,MIL,57
Tyler Ennis,PG,21,MIL,46
Chris Copeland,PF,31,MIL,24
Michael Carter-Williams,PG,24,MIL,54
Jerryd Bayless,SG,27,MIL,52
Giannis Antetokounmpo,PG,21,MIL,80
Andrew Wiggins,SF,20,MIN,81
Karl-Anthony Towns,C,20,MIN,82
Greg Smith,PF,25,MIN,18
Damjan Rudez,SF,29,MIN,33
Ricky Rubio,PG,25,MIN,76
Tayshaun Prince,SF,35,MIN,77
Nikola Pekovic,C,30,MIN,12
Adreian Payne,PF,24,MIN,52
Shabazz Muhammad,SF,23,MIN,82
Zach LaVine,SG,20,MIN,82
Tyus Jones,PG,19,MIN,37
Kevin Garnett,PF,39,MIN,38
Gorgui Dieng,C,26,MIN,82
Nemanja Bjelica,PF,27,MIN,60
Nate Robinson,PG,31,NOP,2
Kendrick Perkins,C,31,NOP,37
Jrue Holiday,PG,25,NOP,65
Jordan Hamilton,SF,25,NOP,11
Eric Gordon,SG,27,NOP,45
Alonzo Gee,SF,28,NOP,73
Tyreke Evans,SG,26,NOP,25
Toney Douglas,PG,29,NOP,61
Bryce Dejean-Jones,SG,23,NOP,14
Anthony Davis,PF,22,NOP,61
Dante Cunningham,SF,28,NOP,80
Norris Cole,PG,27,NOP,45
Luke Babbitt,SF,26,NOP,47
Omer Asik,C,29,NOP,68
Ryan Anderson,PF,27,NOP,66
Alexis Ajinca,C,27,NOP,59
Derrick Williams,SF,24,NYK,80
Sasha Vujacic,SG,31,NYK,61
Lance Thomas,PF,27,NYK,59
Kevin Seraphin,C,26,NYK,48
Kristaps Porzingis,PF,20,NYK,72
Kyle O'Quinn,PF,25,NYK,65
Robin Lopez,C,27,NYK,82
Jerian Grant,PG,23,NYK,76
Langston Galloway,PG,24,NYK,82
Cleanthony Early,SF,24,NYK,17
Jose Calderon,PG,34,NYK,72
Carmelo Anthony,SF,31,NYK,72
Thanasis Antetokounmpo,SF,23,NYK,2
Lou Amundson,PF,33,NYK,29
Arron Afflalo,SG,30,NYK,71
Russell Westbrook,PG,27,OKC,80
Dion Waiters,SG,24,OKC,78
Kyle Singler,SF,27,OKC,68
Andre Roberson,SG,24,OKC,70
Cameron Payne,PG,21,OKC,57
Anthony Morrow,SG,30,OKC,68
Nazr Mohammed,C,38,OKC,5
Mitch McGary,PF,23,OKC,20
Enes Kanter,C,23,OKC,82
Serge Ibaka,PF,26,OKC,78
Josh Huestis,PF,24,OKC,5
Kevin Durant,SF,27,OKC,72
Nick Collison,PF,35,OKC,59
Steven Adams,C,22,OKC,80
C.J. Watson,PG,31,ORL,33
Nikola Vucevic,C,25,ORL,65
Jason Smith,C,29,ORL,76
Elfrid Payton,PG,21,ORL,73
Victor Oladipo,SG,23,ORL,72
Andrew Nicholson,PF,26,ORL,56
Shabazz Napier,PG,24,ORL,55
Devyn Marble,SG,23,ORL,28
Mario Hezonja,SF,20,ORL,79
Aaron Gordon,PF,20,ORL,78
Evan Fournier,SF,23,ORL,79
Dewayne Dedmon,C,26,ORL,58
Keith Appling,PG,23,ORL,5
Tony Wroten,PG,22,PHI,8
Christian Wood,PF,20,PHI,17
Hollis Thompson,SG,24,PHI,77
Nik Stauskas,SG,22,PHI,73
Jahlil Okafor,C,20,PHI,53
Nerlens Noel,C,21,PHI,67
T.J. McConnell,PG,23,PHI,81
Kendall Marshall,PG,24,PHI,30
Carl Landry,PF,32,PHI,36
Richaun Holmes,PF,22,PHI,51
Jerami Grant,SF,21,PHI,77
Robert Covington,SF,25,PHI,67
Isaiah Canaan,SG,24,PHI,77
Elton Brand,C,36,PHI,17
Alan Williams,PF,23,PHO,10
T.J. Warren,SF,22,PHO,47
P.J. Tucker,SF,30,PHO,82
Mirza Teletovic,PF,30,PHO,79
Ronnie Price,PG,32,PHO,62
Jon Leuer,PF,26,PHO,67
Alex Len,C,22,PHO,78
Brandon Knight,SG,24,PHO,52
Cory Jefferson,PF,25,PHO,8
Archie Goodwin,PG,21,PHO,57
Tyson Chandler,C,33,PHO,66
Lorenzo Brown,PG,25,PHO,8
Devin Booker,SG,19,PHO,76
Eric Bledsoe,PG,26,PHO,31
Noah Vonleh,PF,20,POR,78
Mason Plumlee,C,25,POR,82
Luis Montero,SG,22,POR,12
C.J. McCollum,SG,24,POR,80
Damian Lillard,PG,25,POR,75
Meyers Leonard,PF,23,POR,61
Chris Kaman,C,33,POR,16
Gerald Henderson,SG,28,POR,72
Maurice Harkless,SF,22,POR,78
Ed Davis,PF,26,POR,81
Allen Crabbe,SG,23,POR,81
Pat Connaughton,SG,23,POR,34
Al-Farouq Aminu,SF,25,POR,82
Cliff Alexander,PF,20,POR,8
Rajon Rondo,PG,29,SAC,72
Eric Moreland,PF,24,SAC,8
Ben McLemore,SG,22,SAC,68
Kosta Koufos,C,26,SAC,78
Rudy Gay,SF,29,SAC,70
Duje Dukan,SF,24,SAC,1
Seth Curry,PG,25,SAC,44
DeMarcus Cousins,C,25,SAC,65
Darren Collison,PG,28,SAC,74
Willie Cauley-Stein,C,22,SAC,66
Omri Casspi,SF,27,SAC,69
Caron Butler,SF,35,SAC,17
Marco Belinelli,SG,29,SAC,68
James Anderson,SG,26,SAC,51
Quincy Acy,PF,25,SAC,59
David West,PF,35,SAS,78
Jonathon Simmons,SG,26,SAS,55
Tony Parker,PG,33,SAS,72
Patrick Mills,PG,27,SAS,81
Boban Marjanovic,C,27,SAS,54
Kawhi Leonard,SF,24,SAS,72
Danny Green,SG,28,SAS,79
Manu Ginobili,SG,38,SAS,58
Tim Duncan,C,39,SAS,61
Boris Diaw,PF,33,SAS,76
Rasual Butler,SF,36,SAS,46
Matt Bonner,C,35,SAS,30
Kyle Anderson,SF,22,SAS,78
LaMarcus Aldridge,PF,30,SAS,74
Delon Wright,PG,23,TOR,27
Jonas Valanciunas,C,23,TOR,60
Luis Scola,PF,35,TOR,76
Terrence Ross,SF,24,TOR,73
Norman Powell,SG,22,TOR,49
Patrick Patterson,PF,26,TOR,79
Lucas Nogueira,C,23,TOR,29
Kyle Lowry,PG,29,TOR,77
Cory Joseph,SG,24,TOR,80
James Johnson,PF,28,TOR,57
DeMar DeRozan,SG,26,TOR,78
DeMarre Carroll,SF,29,TOR,26
Bruno Caboclo,SF,20,TOR,6
Bismack Biyombo,C,23,TOR,82
Anthony Bennett,PF,22,TOR,19
Jeff Withey,C,25,UTA,51
Tibor Pleiss,C,26,UTA,12
J.J. O'Brien,SF,23,UTA,2
Raul Neto,PG,23,UTA,81
Elijah Millsap,SG,28,UTA,20
Trey Lyles,PF,20,UTA,80
Chris Johnson,SF,25,UTA,70
Joe Ingles,SF,28,UTA,81
Rodney Hood,SG,23,UTA,79
Gordon Hayward,SF,25,UTA,80
Rudy Gobert,C,23,UTA,61
Derrick Favors,PF,24,UTA,62
Alec Burks,SG,24,UTA,31
Trey Burke,PG,23,UTA,64
Trevor Booker,PF,28,UTA,79
John Wall,PG,25,WAS,77
Garrett Temple,SF,29,WAS,80
Ramon Sessions,PG,29,WAS,82
Otto Porter,SF,22,WAS,75
Kelly Oubre,SF,20,WAS,63
Gary Neal,SG,31,WAS,40
Nene Hilario,PF,33,WAS,57
Marcin Gortat,C,31,WAS,75
Drew Gooden,PF,34,WAS,30
Jarell Eddie,SF,24,WAS,26
Jared Dudley,PF,30,WAS,81
DeJuan Blair,C,26,WAS,29
Bradley Beal,SG,22,WAS,55
Alan Anderson,SG,33,WAS,13
Steve Smith,SG,26,ATL,80
Ken Norman,SF,31,ATL,34
Howard Nathan,PG,24,ATL,5
Grant Long,PF,29,ATL,82
Tim Kempton,PF,32,ATL,3
Reggie Jordan,PG,28,ATL,24
Alan Henderson,PF,23,ATL,79
Craig Ehlo,SG,34,ATL,79
Matt Bullard,PF,28,ATL,46
Donnie Boyce,SG,22,ATL,8
Mookie Blaylock,PG,28,ATL,81
Stacey Augmon,SF,27,ATL,77
Eric Williams,SF,23,BOS,64
David Wesley,PG,25,BOS,82
Larry Sykes,PF,22,BOS,1
Doug Smith,PF,26,BOS,17
Dino Radja,PF,28,BOS,53
Eric Montross,C,24,BOS,61
Greg Minor,SG,24,BOS,78
Thomas Hamilton,C,20,BOS,11
Rick Fox,SF,26,BOS,81
Pervis Ellison,C,28,BOS,69
Charles Claxton,C,25,BOS,3
Junior Burrough,PF,23,BOS,61
Dee Brown,PG,27,BOS,65
Dana Barros,PG,28,BOS,80
George Zidek,C,22,CHH,71
Glen Rice,SF,28,CHH,79
Robert Parish*,C,42,CHH,74
Larry Johnson,PF,26,CHH,81
Darrin Hancock,SF,24,CHH,63
Anthony Goldwire,PG,24,CHH,42
Matt Geiger,C,26,CHH,77
Dell Curry,SG,31,CHH,82
Scott Burrell,SF,25,CHH,20
Muggsy Bogues,PG,31,CHH,6
Corey Beck,PG,24,CHH,5
Rafael Addison,SF,31,CHH,53
Michael Adams,PG,33,CHH,21
Bill Wennington,C,32,CHI,71
Dickey Simpkins,PF,23,CHI,60
Dennis Rodman*,PF,34,CHI,64
Scottie Pippen*,SF,30,CHI,77
Luc Longley,C,27,CHI,62
Toni Kukoc,SF,27,CHI,81
Steve Kerr,PG,30,CHI,82
Michael Jordan*,SG,32,CHI,82
Ron Harper,PG,32,CHI,80
Jack Haley,C,32,CHI,1
James Edwards,C,40,CHI,28
Jason Caffey,PF,22,CHI,57
Jud Buechler,SF,27,CHI,74
Randy Brown,PG,27,CHI,68
Bob Sura,SG,22,CLE,79
Bobby Phills,SG,26,CLE,72
Harold Miner,SG,24,CLE,19
Chris Mills,SF,26,CLE,80
Donny Marshall,SF,23,CLE,34
Dan Majerle,SF,30,CLE,82
Antonio Lang,SF,23,CLE,41
Darryl Johnson,PG,30,CLE,11
Tyrone Hill,PF,27,CLE,44
Danny Ferry,PF,29,CLE,82
John Crotty,PG,26,CLE,58
Joe Courtney,PF,26,CLE,23
Michael Cage,C,34,CLE,82
Terrell Brandon,PG,25,CLE,75
John Amaechi,PF,25,CLE,28
Lorenzo Williams,C,26,DAL,65
Cherokee Parks,C,23,DAL,64
Loren Meyer,C,23,DAL,72
George McCloud,SF,28,DAL,79
Jamal Mashburn,SF,23,DAL,18
Jason Kidd,PG,22,DAL,81
Popeye Jones,PF,25,DAL,68
Jim Jackson,SG,25,DAL,82
Lucious Harris,SG,25,DAL,61
Tony Dumas,SG,23,DAL,67
Terry Davis,PF,28,DAL,28
Scott Brooks,PG,30,DAL,69
Randy Woods,PG,25,DEN,8
Reggie Williams,SF,31,DEN,52
Bryant Stith,SG,25,DEN,82
Jalen Rose,SG,23,DEN,80
Doug Overton,PG,26,DEN,55
Dikembe Mutombo*,C,29,DEN,74
Antonio McDyess,PF,21,DEN,76
Don MacLean,SF,26,DEN,56
Tom Hammonds,PF,28,DEN,71
LaPhonso Ellis,SF,25,DEN,45
Dale Ellis,SF,35,DEN,81
Rastko Cvetkovic,C,25,DEN,14
Mahmoud Abdul-Rauf,PG,26,DEN,57
Mark West,C,35,DET,47
Otis Thorpe,PF,33,DET,82
Lou Roe,SF,23,DET,49
Don Reid,PF,22,DET,69
Theo Ratliff,C,22,DET,75
Terry Mills,PF,28,DET,82
Mark Macon,PG,26,DET,23
Eric Leckner,C,29,DET,18
Lindsey Hunter,PG,25,DET,80
Allan Houston,SG,24,DET,82
Grant Hill,SF,23,DET,80
Joe Dumars*,PG,32,DET,67
Steve Bardo,SG,27,DET,9
Latrell Sprewell,SG,25,GSW,78
Joe Smith,PF,20,GSW,82
Rony Seikaly,C,30,GSW,64
Clifford Rozier,C,23,GSW,59
Chris Mullin*,SF,32,GSW,55
Donyell Marshall,SF,22,GSW,62
Jerome Kersey,SF,33,GSW,76
Andrew DeClercq,C,22,GSW,22
Robert Churchwell,SG,23,GSW,4
Jon Barry,SG,26,GSW,68
B.J. Armstrong,PG,28,GSW,82
Kenny Smith,PG,30,HOU,68
Eldridge Recasner,SG,28,HOU,63
Hakeem Olajuwon*,C,33,HOU,72
Tracy Moore,SG,30,HOU,8
Sam Mack,SF,25,HOU,31
Charles Jones,PF,38,HOU,46
Henry James,PF,30,HOU,7
Jaren Jackson,SG,28,HOU,4
Robert Horry,SF,25,HOU,71
Alvin Heggs,SF,28,HOU,4
Mario Elie,SF,32,HOU,45
Clyde Drexler*,SG,33,HOU,52
Pete Chilcutt,PF,27,HOU,74
Sam Cassell,PG,26,HOU,61
Mark Bryant,PF,30,HOU,71
Chucky Brown,PF,27,HOU,82
Tim Breaux,SF,25,HOU,54
Melvin Booker,PG,23,HOU,11
Haywoode Workman,PG,30,IND,77
Rik Smits,C,29,IND,63
Dwayne Schintzius,C,27,IND,33
Ricky Pierce,SG,36,IND,76
Reggie Miller*,SG,30,IND,76
Derrick McKey,SF,29,IND,75
Eddie Johnson,SF,36,IND,62
Mark Jackson,PG,30,IND,81
Fred Hoiberg,SG,23,IND,15
Duane Ferrell,SF,30,IND,54
Dale Davis,PF,26,IND,78
Antonio Davis,PF,27,IND,82
Adrian Caldwell,PF,29,IND,51
Travis Best,PG,23,IND,59
Loy Vaught,PF,27,LAC,80
Logan Vander Velden,SF,24,LAC,15
Keith Tower,C,25,LAC,34
Malik Sealy,SF,25,LAC,62
Rodney Rogers,SF,24,LAC,67
Stanley Roberts,C,25,LAC,51
Pooh Richardson,PG,29,LAC,63
Eric Piatkowski,SG,25,LAC,65
Bo Outlaw,PF,24,LAC,80
Lamond Murray,SF,22,LAC,77
Bison Dele,C,26,LAC,65
Terry Dehere,PG,24,LAC,82
Brent Barry,SG,24,LAC,79
Nick Van Exel,PG,24,LAL,74
Sedale Threatt,PG,34,LAL,82
Derek Strong,PF,27,LAL,63
Fred Roberts,C,35,LAL,33
Anthony Peeler,SG,26,LAL,73
Anthony Miller,PF,24,LAL,27
George Lynch,SF,25,LAL,76
Frankie King,PG,23,LAL,6
Eddie Jones,SG,24,LAL,70
Magic Johnson*,PF,36,LAL,32
Vlade Divac,C,27,LAL,79
Cedric Ceballos,SF,26,LAL,78
Elden Campbell,PF,27,LAL,82
Corie Blount,PF,27,LAL,57
Kurt Thomas,PF,23,MIA,74
Danny Schayes,C,36,MIA,32
Alonzo Mourning*,C,25,MIA,70
Voshon Lenard,SG,22,MIA,30
Stacey King,PF,29,MIA,15
LeRon Ellis,C,26,MIA,12
Sasha Danilovic,SG,25,MIA,19
Rex Chapman,SG,28,MIA,56
Keith Askins,SF,28,MIA,75
Glenn Robinson,SF,23,MIL,82
Jerry Reynolds,SF,33,MIL,19
Shawn Respert,SG,23,MIL,62
Johnny Newman,SG,32,MIL,82
Lee Mayberry,PG,25,MIL,82
Randolph Keys,SF,29,MIL,69
Kevin Duckworth,C,31,MIL,8
Terry Cummings,PF,34,MIL,81
Marty Conlon,C,28,MIL,74
Vin Baker,PF,24,MIL,82
Micheal Williams,PG,29,MIN,9
Doug West,SG,28,MIN,73
Charles Smith,PG,28,MIN,8
Eric Riley,C,25,MIN,25
Isaiah Rider,SG,24,MIN,75
Terry Porter,PG,32,MIN,82
Sam Mitchell,SF,32,MIN,78
Tom Gugliotta,PF,26,MIN,78
Kevin Maurice Garnett,SF,19,MIN,80
Mark Davis,SF,22,MIN,57
Marques Bragg,PF,25,MIN,53
Jerome Allen,SG,23,MIN,41
Jayson Williams,PF,27,NJN,80
Robert Werdann,C,25,NJN,13
Ed O'Bannon,SG,23,NJN,64
Rick Mahorn,C,37,NJN,50
Armen Gilliam,SF,31,NJN,78
Vern Fleming,PG,33,NJN,77
Kevin Edwards,SG,30,NJN,34
Yinka Dare,C,23,NJN,58
Chris Childs,PG,28,NJN,78
P.J. Brown,C,26,NJN,81
Charlie Ward,PG,25,NYK,62
John Starks,SG,30,NYK,81
Charles Oakley,PF,32,NYK,53
Anthony Mason,SF,29,NYK,82
Derek Harper,PG,34,NYK,82
Gary Grant,PG,30,NYK,47
Patrick Ewing*,C,33,NYK,76
Hubert Davis,SG,25,NYK,74
David Vaughn,PF,22,ORL,33
Jeff Turner,PF,33,ORL,13
Brooks Thompson,PG,25,ORL,33
Brian Shaw,PG,29,ORL,75
Dennis Scott,SF,27,ORL,82
Donald Royal,SF,29,ORL,64
Shaquille O'Neal,C,23,ORL,54
Jon Koncak,C,32,ORL,67
Anfernee Hardaway,PG,24,ORL,82
Horace Grant,PF,30,ORL,63
Anthony Bowie,SG,32,ORL,74
Anthony Bonner,PF,27,ORL,4
Darrell Armstrong,PG,27,ORL,13
Nick Anderson,SG,28,ORL,77
Trevor Wilson,PF,27,PHI,6
Scott Williams,PF,27,PHI,13
Clarence Weatherspoon,SF,25,PHI,78
LaSalle Thompson,C,34,PHI,44
Jerry Stackhouse,SG,21,PHI,72
Scott Skiles,PG,31,PHI,10
Trevor Ruffin,PG,25,PHI,61
Vernon Maxwell,PG,30,PHI,75
Sean Higgins,SF,27,PHI,44
Richard Dumas,PF,26,PHI,39
Derrick Coleman,PF,28,PHI,11
Mike Brown,C,32,PHI,9
Elmer Bennett,PG,25,PHI,8
Derrick Alston,C,23,PHI,73
Hot Rod Williams,C,33,PHO,62
Wayman Tisdale,PF,31,PHO,63
Stefano Rusconi,PF,27,PHO,7
Wesley Person,SG,24,PHO,82
Elliot Perry,PG,26,PHO,81
Danny Manning,PF,29,PHO,33
Joe Kleine,C,34,PHO,56
Kevin Johnson,PG,29,PHO,56
A.C. Green,SF,32,PHO,82
Michael Finley,SF,22,PHO,82
John Coker,C,24,PHO,5
Chris Carr,SG,21,PHO,60
Mario Bennett,SF,22,PHO,19
Charles Barkley*,PF,32,PHO,71
Dontonio Wingfield,SF,21,POR,44
Buck Williams,PF,35,POR,70
Gary Trent,PF,21,POR,69
Rod Strickland,PG,29,POR,67
Arvydas Sabonis*,C,31,POR,73
Rumeal Robinson,PG,29,POR,43
James Robinson,PG,25,POR,76
Clifford Robinson,SF,29,POR,78
Aaron McKie,SG,23,POR,81
Harvey Grant,PF,30,POR,76
Chris Dudley,C,30,POR,80
Anthony Cook,PF,28,POR,11
Randolph Childress,PG,23,POR,28
Corliss Williamson,SF,22,SAC,53
Michael Smith,PF,23,SAC,65
Lionel Simmons,SF,27,SAC,54
Mitch Richmond*,SG,30,SAC,81
Olden Polynice,C,31,SAC,81
Clint McDaniel,SG,23,SAC,12
Sarunas Marciulionis*,SG,31,SAC,53
Bobby Hurley,PG,24,SAC,72
Byron Houston,PF,26,SAC,25
Brian Grant,PF,23,SAC,78
Tyus Edney,PG,22,SAC,80
Duane Causwell,C,27,SAC,73
David Robinson*,C,30,SAS,82
Doc Rivers,PG,34,SAS,78
Chuck Person,SF,31,SAS,80
Will Perdue,C,30,SAS,80
Avery Johnson,PG,30,SAS,82
Carl Herrera,PF,29,SAS,44
Sean Elliott,SF,27,SAS,77
Dell Demps,SG,25,SAS,16
Vinny Del Negro,SG,29,SAS,82
Greg Anderson,PF,31,SAS,46
Cory Alexander,PG,22,SAS,60
David Wingate,SG,32,SEA,60
Eric Snow,PG,22,SEA,43
Detlef Schrempf,SF,33,SEA,63
Steve Scheffler,C,28,SEA,35
Sam Perkins,PF,34,SEA,82
Gary Payton*,PG,27,SEA,81
Nate McMillan,PG,31,SEA,55
Shawn Kemp,PF,26,SEA,79
Ervin Johnson,C,28,SEA,81
Hersey Hawkins,SG,29,SEA,82
Sherell Ford,SF,23,SEA,28
Frank Brickowski,C,36,SEA,63
Vincent Askew,SG,29,SEA,69
Dwayne Whitfield,PF,23,TOR,8
Zan Tabak,C,25,TOR,67
Damon Stoudamire,PG,22,TOR,70
Carlos Rogers,PF,24,TOR,56
Alvin Robertson,SG,33,TOR,77
Dan O'Sullivan,C,27,TOR,5
Tracy Murray,SF,24,TOR,82
Oliver Miller,PF,25,TOR,76
Martin Lewis,SF,20,TOR,16
Jimmy King,SG,22,TOR,62
Vincenzo Esposito,PG,27,TOR,30
Acie Earl,C,25,TOR,42
Jamie Watson,SF,23,UTA,16
Andy Toolson,SF,30,UTA,13
John Stockton*,PG,33,UTA,82
Felton Spencer,C,28,UTA,71
Bryon Russell,SF,25,UTA,59
Greg Ostertag,C,22,UTA,57
Chris Morris,SG,30,UTA,66
Karl Malone*,PF,32,UTA,82
Adam Keefe,PF,25,UTA,82
Jeff Hornacek,SG,32,UTA,82
Greg Foster,C,27,UTA,73
Howard Eisley,PG,23,UTA,65
Antoine Carr,SF,34,UTA,80
David Benoit,SF,27,UTA,81
Gerald Wilkins,SG,32,VAN,28
Byron Scott,SG,34,VAN,80
Bryant Reeves,C,22,VAN,77
Lawrence Moten,SG,23,VAN,44
Cuonzo Martin,SG,24,VAN,4
Rich Manning,PF,25,VAN,29
Chris King,SF,26,VAN,80
Kenny Gattison,PF,31,VAN,25
Doug Edwards,PF,25,VAN,31
Blue Edwards,SF,30,VAN,82
Anthony Avent,PF,26,VAN,71
Greg Anthony,PG,28,VAN,69
Ashraf Amaya,PF,24,VAN,54
Chris Whitney,PG,24,WSB,21
Jeff Webster,SF,24,WSB,11
Chris Webber,PF,22,WSB,15
Rasheed Wallace,PF,21,WSB,65
Bob Thornton,PF,33,WSB,7
Kevin Pritchard,PG,28,WSB,2
Mark Price,PG,31,WSB,7
Brent Price,PG,27,WSB,81
Robert Pack,PG,26,WSB,31
Gheorghe Muresan,C,24,WSB,76
Jim McIlvaine,C,23,WSB,80
Bob McCann,PF,31,WSB,62
Cedric Lewis,C,26,WSB,3
Tim Legler,SG,29,WSB,77
Juwan Howard,PF,22,WSB,81
Ledell Eackles,SG,29,WSB,55
Calbert Cheaney,SF,24,WSB,70
Mitchell Butler,SG,25,WSB,61
